standard,aligned,buildable,tier,identifyingSignals,weaklyIdentifiable,dokCeiling,distractorRationale,distractorTaxonomy,dokRationale,translation,choiceTranslation,explanationRewrite,choiceRebalance,totalAuthoringUnits
US.01,0,False,none,8,False,,0,0,0,0,0,0,0,0
US.02,4,True,tcap-floor,9,False,2,9,9,2,5,8,2,0,35
US.03,0,False,none,5,False,,0,0,0,0,0,0,0,0
US.04,23,True,tcap-standard,7,False,3,18,18,4,4,20,0,2,66
US.05,12,True,tcap-standard,7,False,3,18,18,0,11,20,4,2,73
US.06,15,True,tcap-standard,11,False,3,18,18,5,6,12,1,0,60
US.07,4,False,none,9,False,,0,0,0,0,0,0,0,0
US.08,43,True,tcap-standard,26,False,3,18,18,2,8,24,4,3,77
US.09,20,True,tcap-standard,27,False,3,18,18,1,10,20,3,0,70
US.10,3,False,none,9,False,,0,0,0,0,0,0,0,0
US.11,25,True,tcap-standard,6,False,3,18,18,6,5,8,0,3,58
US.12,16,True,tcap-standard,7,False,3,18,18,4,7,12,2,2,63
US.13,8,True,tcap-standard,5,False,3,18,18,6,5,8,0,2,57
US.14,27,True,tcap-standard,9,False,3,18,18,6,4,8,0,1,55
US.15,15,True,tcap-standard,3,False,3,18,18,5,4,8,0,3,56
US.16,31,True,tcap-standard,14,False,3,18,18,5,6,20,0,1,68
US.17,16,True,tcap-standard,16,False,3,18,18,6,3,4,0,0,49
US.18,48,True,tcap-standard,11,False,3,18,18,6,4,16,0,2,64
US.19,16,True,tcap-standard,16,False,3,18,18,6,4,8,0,3,57
US.20,36,True,tcap-standard,17,False,3,18,18,6,7,24,0,3,76
US.21,23,True,tcap-short,7,False,3,12,12,4,6,12,1,1,48
US.22,0,False,none,2,False,,0,0,0,0,0,0,0,0
US.23,63,True,tcap-standard,14,False,3,6,18,2,2,24,0,1,53
US.24,0,False,none,11,False,,0,0,0,0,0,0,0,0
US.25,30,True,tcap-standard,8,False,3,18,18,6,3,8,2,0,55
US.26,21,True,tcap-standard,9,False,3,18,18,6,4,8,0,1,55
US.27,26,True,tcap-standard,11,False,3,18,18,6,4,8,1,0,55
US.28,30,True,tcap-standard,16,False,3,18,18,6,0,16,1,1,60
US.29,57,True,tcap-standard,11,False,3,18,18,6,8,16,2,2,70
US.30,35,True,tcap-standard,12,False,3,18,18,5,6,8,1,1,57
US.31,7,True,tcap-short,6,False,3,12,12,4,3,0,0,1,32
US.32,21,True,tcap-standard,9,False,3,18,18,6,1,0,0,1,44
US.33,3,True,tcap-floor,3,False,2,9,9,3,1,0,0,0,22
US.34,13,True,tcap-standard,5,False,3,18,18,6,3,4,0,0,49
US.35,45,True,tcap-standard,13,False,3,18,18,6,4,20,0,1,67
US.36,10,True,tcap-standard,6,False,3,18,18,6,0,0,0,0,42
US.37,19,True,tcap-standard,20,False,3,18,18,6,3,4,0,1,50
US.38,34,True,tcap-standard,13,False,3,18,18,4,6,16,2,1,65
US.39,25,True,tcap-standard,7,False,3,18,18,6,6,8,0,0,56
US.40,0,False,none,8,False,,0,0,0,0,0,0,0,0
US.41,37,True,tcap-standard,16,False,3,18,18,6,10,20,0,4,76
US.42,42,True,tcap-standard,2,False,3,18,18,6,6,12,0,0,60
US.43,19,True,tcap-standard,6,False,3,18,18,6,6,8,0,3,59
US.44,24,True,tcap-standard,14,False,3,18,18,6,5,8,0,3,58
US.45,59,True,tcap-standard,30,False,3,18,18,6,8,24,1,3,78
US.46,80,True,tcap-standard,9,False,3,6,18,2,4,16,0,1,47
US.47,12,True,tcap-standard,12,False,3,18,18,6,4,8,2,2,58
US.48,40,True,tcap-standard,18,False,3,18,18,6,6,20,1,2,71
US.49,13,True,tcap-short,9,False,3,12,12,4,5,8,2,2,45
US.50,8,True,tcap-short,35,False,3,12,12,4,4,16,0,2,50
US.51,12,True,tcap-standard,10,False,3,18,18,6,2,4,2,1,51
US.52,16,True,tcap-short,11,False,3,12,12,4,5,8,1,3,45
US.53,2,False,none,14,False,,0,0,0,0,0,0,0,0
US.54,12,True,tcap-standard,8,False,3,18,18,6,5,8,2,0,57
US.55,2,False,none,13,False,,0,0,0,0,0,0,0,0
US.56,28,True,tcap-standard,12,False,3,18,18,6,4,8,1,0,55
US.57,0,False,none,15,False,,0,0,0,0,0,0,0,0
US.58,24,True,tcap-standard,4,False,3,18,18,6,4,8,2,1,57
US.59,32,True,tcap-standard,11,False,3,6,18,2,0,12,0,0,38
US.60,59,True,tcap-standard,9,False,3,6,18,2,2,4,0,1,33
US.61,31,True,tcap-standard,12,False,3,18,18,6,2,4,0,1,49
US.62,16,True,tcap-standard,8,False,3,18,18,6,0,0,2,1,45
US.63,24,True,tcap-standard,14,False,3,18,18,6,2,4,0,1,49
US.64,10,True,tcap-standard,8,False,3,18,18,6,3,8,0,2,55
US.65,0,False,none,1,True,,0,0,0,0,0,0,0,0
US.66,15,True,tcap-standard,10,False,3,18,18,6,5,8,0,2,57
US.67,1,False,none,2,False,,0,0,0,0,0,0,0,0
US.68,22,True,tcap-standard,17,False,3,18,18,6,4,8,1,2,57
US.69,11,True,tcap-standard,7,False,3,18,18,6,1,0,1,1,45
US.70,21,True,tcap-standard,7,False,3,18,18,6,3,4,0,2,51
US.71,0,False,none,13,False,,0,0,0,0,0,0,0,0
US.72,11,True,tcap-standard,10,False,3,18,18,6,5,8,0,2,57
US.73,28,True,tcap-standard,9,False,3,18,18,6,5,8,0,1,56
US.74,65,True,tcap-standard,12,False,3,18,18,6,7,16,0,3,68
US.75,0,False,none,6,False,,0,0,0,0,0,0,0,0
US.76,69,True,tcap-standard,23,False,3,18,18,6,7,16,0,3,68
US.77,3,False,none,26,False,,0,0,0,0,0,0,0,0
US.78,97,True,tcap-standard,9,False,3,18,18,6,3,20,0,3,68
US.79,42,True,tcap-standard,11,False,3,18,18,6,0,20,0,3,65
US.80,28,True,tcap-standard,24,False,3,18,18,6,3,4,1,3,53
US.81,15,True,tcap-standard,12,False,3,18,18,6,0,0,0,3,45
US.82,7,False,none,9,False,,0,0,0,0,0,0,0,0
US.83,9,True,tcap-standard,10,False,3,18,18,6,5,8,0,2,57
US.84,22,True,tcap-standard,15,False,3,18,18,6,2,4,3,2,53
US.85,12,True,tcap-standard,10,False,3,18,18,6,4,4,1,1,52
US.86,31,True,tcap-standard,12,False,3,18,18,6,2,4,2,3,53
US.87,1,False,none,16,False,,0,0,0,0,0,0,0,0
US.88,18,True,tcap-standard,11,False,3,18,18,6,7,16,0,2,67
US.89,0,False,none,15,False,,0,0,0,0,0,0,0,0
US.90,27,True,tcap-standard,12,False,3,18,18,6,9,20,0,2,73
US.91,1,False,none,11,False,,0,0,0,0,0,0,0,0
US.92,18,True,tcap-standard,14,False,3,18,18,6,6,8,0,1,57
US.93,0,False,none,12,False,,0,0,0,0,0,0,0,0
US.94,4,False,none,11,False,,0,0,0,0,0,0,0,0
